{
  "Author": "Administrator",
  "Name": "Instant Teleport",
  "InternalName": "InstantTeleport",
  "AssemblyVersion": "1.0.0.0",
  "Description": "Removes Teleport/Return cast time and minimizes the transition screen. Commands: /instanttp, /instanttp status, /instanttp debug.",
  "ApplicableVersion": "any",
  "Tags": [
    "ffxiv",
    "teleport",
    "qol"
  ],
  "DalamudApiLevel": 14,
  "LoadRequiredState": 0,
  "LoadSync": false,
  "CanUnloadAsync": false,
  "LoadPriority": 0,
  "Punchline": "Instant Teleport/Return cast and faster transition screen.",
  "AcceptsFeedback": true
}